Projectile energy,Projectile Y Position,Projectile Y Velocity,Spring Position 1,Spring Position 2,Spring Position 3,Spring Position 4,Spring Position 5,Spring Position 6,Spring Position 7,Spring Position 8,Spring Position 9,Spring Position 10
0.0990013730656496,2.9990075084945045,-0.09949943369971992,-1.8999510008740723,-1.5933611155069944,-1.2858377842698534,-0.9771644277281522,-0.6670505650563325,-0.355096654720191,-0.04073623466167232,0.27686431420952656,0.5989909999999997,0.9277545507519676
0.09208624685209593,4.007234215513944,0.09596157921381657,-0.8917242938546321,-0.5851344084875544,-0.27761107725041306,0.031062279291288002,0.34117614196310764,0.6531300522992491,0.9674904723577679,1.2850910212289668,1.6072177070194398,1.9359812577714077
